Order ID,Order date,_month_key,Month,Products,product_group,category,OrderTotalAmount,revenue,units,is_free,coupon_clean
113-2618068-8265007,2026-01-06 00:11:45,2026-01-01,Jan-2026,B0G1PTSQTS,Gut Balance,Real client,39.99,39.99,1,False,
113-1884439-3120246,2026-01-06 09:08:20,2026-01-01,Jan-2026,B0G1PTSQTS,Gut Balance,Vine,39.99,0.0,1,True,vine.enrollment.8e8e6c4f-2215-42db-9437-dcf4208c5bd8:1767646289061
111-8033107-3605832,2026-01-06 10:09:26,2026-01-01,Jan-2026,B0G1PTSQTS,Gut Balance,Vine,39.99,0.0,1,True,vine.enrollment.8e8e6c4f-2215-42db-9437-dcf4208c5bd8:1767646289061
114-3779060-5118603,2026-01-06 11:35:36,2026-01-01,Jan-2026,B0G1NL6TQC,Mood Balance,Vine,39.99,0.0,1,True,vine.enrollment.162c1f43-0f90-4a4d-bd5d-8c783827fce9:1767646286981
111-9002509-2982620,2026-01-06 11:53:10,2026-01-01,Jan-2026,B0G1PTSQTS,Gut Balance,Vine,39.99,0.0,1,True,vine.enrollment.8e8e6c4f-2215-42db-9437-dcf4208c5bd8:1767646289061
113-5039593-7641808,2026-01-06 12:00:18,2026-01-01,Jan-2026,B0G1NL6TQC,Mood Balance,Vine,39.99,0.0,1,True,vine.enrollment.162c1f43-0f90-4a4d-bd5d-8c783827fce9:1767646286981
113-1039362-8115468,2026-01-06 12:15:53,2026-01-01,Jan-2026,B0G1PTSQTS,Gut Balance,Vine,39.99,0.0,1,True,vine.enrollment.8e8e6c4f-2215-42db-9437-dcf4208c5bd8:1767646289061
114-5040231-8191432,2026-01-06 12:23:27,2026-01-01,Jan-2026,B0G1NL6TQC,Mood Balance,Vine,39.99,0.0,1,True,vine.enrollment.162c1f43-0f90-4a4d-bd5d-8c783827fce9:1767646286981
112-2248674-1011436,2026-01-06 12:35:14,2026-01-01,Jan-2026,B0G1NL6TQC,Mood Balance,Vine,39.99,0.0,1,True,vine.enrollment.162c1f43-0f90-4a4d-bd5d-8c783827fce9:1767646286981
112-2105036-9763421,2026-01-06 12:43:21,2026-01-01,Jan-2026,B0G1NL6TQC,Mood Balance,Vine,39.99,0.0,1,True,vine.enrollment.162c1f43-0f90-4a4d-bd5d-8c783827fce9:1767646286981
114-9943691-5738609,2026-01-06 12:52:54,2026-01-01,Jan-2026,B0G1NL6TQC,Mood Balance,Vine,39.99,0.0,1,True,vine.enrollment.162c1f43-0f90-4a4d-bd5d-8c783827fce9:1767646286981
114-8885731-6522650,2026-01-06 13:19:46,2026-01-01,Jan-2026,B0G1NL6TQC,Mood Balance,Vine,39.99,0.0,1,True,vine.enrollment.162c1f43-0f90-4a4d-bd5d-8c783827fce9:1767646286981
114-3414886-0525862,2026-01-06 13:29:16,2026-01-01,Jan-2026,B0G1PTSQTS,Gut Balance,Vine,39.99,0.0,1,True,vine.enrollment.8e8e6c4f-2215-42db-9437-dcf4208c5bd8:1767646289061
111-7177875-1402659,2026-01-06 13:54:22,2026-01-01,Jan-2026,B0G1PTSQTS,Gut Balance,Vine,39.99,0.0,1,True,vine.enrollment.8e8e6c4f-2215-42db-9437-dcf4208c5bd8:1767646289061
112-0819786-6363406,2026-01-06 14:06:25,2026-01-01,Jan-2026,B0G1PTSQTS,Gut Balance,Vine,39.99,0.0,1,True,vine.enrollment.8e8e6c4f-2215-42db-9437-dcf4208c5bd8:1767646289061
113-4435334-5407429,2026-01-06 14:08:29,2026-01-01,Jan-2026,B0G1PTSQTS,Gut Balance,Vine,39.99,0.0,1,True,vine.enrollment.8e8e6c4f-2215-42db-9437-dcf4208c5bd8:1767646289061
112-9196557-6392227,2026-01-06 14:23:20,2026-01-01,Jan-2026,B0G1PTSQTS,Gut Balance,Vine,39.99,0.0,1,True,vine.enrollment.8e8e6c4f-2215-42db-9437-dcf4208c5bd8:1767646289061
114-6982949-2117830,2026-01-06 14:35:56,2026-01-01,Jan-2026,B0G1NL6TQC,Mood Balance,Vine,39.99,0.0,1,True,vine.enrollment.162c1f43-0f90-4a4d-bd5d-8c783827fce9:1767646286981
113-3476237-8409031,2026-01-06 15:12:43,2026-01-01,Jan-2026,B0G1NL6TQC,Mood Balance,Vine,39.99,0.0,1,True,vine.enrollment.162c1f43-0f90-4a4d-bd5d-8c783827fce9:1767646286981
114-8020026-4567463,2026-01-06 15:13:16,2026-01-01,Jan-2026,B0G1PTSQTS,Gut Balance,Vine,39.99,0.0,1,True,vine.enrollment.8e8e6c4f-2215-42db-9437-dcf4208c5bd8:1767646289061
113-9395035-5676252,2026-01-06 15:15:52,2026-01-01,Jan-2026,B0G1NL6TQC,Mood Balance,Vine,39.99,0.0,1,True,vine.enrollment.162c1f43-0f90-4a4d-bd5d-8c783827fce9:1767646286981
113-8959651-8107444,2026-01-06 15:20:11,2026-01-01,Jan-2026,B0G1PTSQTS,Gut Balance,Vine,39.99,0.0,1,True,vine.enrollment.8e8e6c4f-2215-42db-9437-dcf4208c5bd8:1767646289061
111-7376438-5005809,2026-01-06 15:23:37,2026-01-01,Jan-2026,B0G1NL6TQC,Mood Balance,Vine,39.99,0.0,1,True,vine.enrollment.162c1f43-0f90-4a4d-bd5d-8c783827fce9:1767646286981
114-9063443-2109848,2026-01-06 16:09:47,2026-01-01,Jan-2026,B0G1NL6TQC,Mood Balance,Vine,39.99,0.0,1,True,vine.enrollment.162c1f43-0f90-4a4d-bd5d-8c783827fce9:1767646286981
111-6693642-5841007,2026-01-06 16:28:51,2026-01-01,Jan-2026,B0G1NL6TQC,Mood Balance,Vine,39.99,0.0,1,True,vine.enrollment.162c1f43-0f90-4a4d-bd5d-8c783827fce9:1767646286981
114-7499663-1265034,2026-01-06 16:31:38,2026-01-01,Jan-2026,B0G1PTSQTS,Gut Balance,Vine,39.99,0.0,1,True,vine.enrollment.8e8e6c4f-2215-42db-9437-dcf4208c5bd8:1767646289061
113-8173628-3416225,2026-01-06 16:32:10,2026-01-01,Jan-2026,B0G1PTSQTS,Gut Balance,Vine,39.99,0.0,1,True,vine.enrollment.8e8e6c4f-2215-42db-9437-dcf4208c5bd8:1767646289061
114-2173200-3620255,2026-01-06 16:44:16,2026-01-01,Jan-2026,B0G1NL6TQC,Mood Balance,Vine,39.99,0.0,1,True,vine.enrollment.162c1f43-0f90-4a4d-bd5d-8c783827fce9:1767646286981
112-1449505-1720260,2026-01-06 16:53:53,2026-01-01,Jan-2026,B0G1NL6TQC,Mood Balance,Vine,39.99,0.0,1,True,vine.enrollment.162c1f43-0f90-4a4d-bd5d-8c783827fce9:1767646286981
111-4579938-9758605,2026-01-06 17:08:17,2026-01-01,Jan-2026,B0G1PTSQTS,Gut Balance,Vine,39.99,0.0,1,True,vine.enrollment.8e8e6c4f-2215-42db-9437-dcf4208c5bd8:1767646289061
112-4715705-0505065,2026-01-06 18:03:08,2026-01-01,Jan-2026,B0G1PTSQTS,Gut Balance,Vine,39.99,0.0,1,True,vine.enrollment.8e8e6c4f-2215-42db-9437-dcf4208c5bd8:1767646289061
112-8890193-4508237,2026-01-06 18:33:02,2026-01-01,Jan-2026,B0G1PTSQTS,Gut Balance,Vine,39.99,0.0,1,True,vine.enrollment.8e8e6c4f-2215-42db-9437-dcf4208c5bd8:1767646289061
112-9060714-2245047,2026-01-06 19:21:19,2026-01-01,Jan-2026,B0G1PTSQTS,Gut Balance,Vine,39.99,0.0,1,True,vine.enrollment.8e8e6c4f-2215-42db-9437-dcf4208c5bd8:1767646289061
114-7739052-8323405,2026-01-06 19:29:38,2026-01-01,Jan-2026,B0G1PTSQTS,Gut Balance,Vine,39.99,0.0,1,True,vine.enrollment.8e8e6c4f-2215-42db-9437-dcf4208c5bd8:1767646289061
114-1510358-7657002,2026-01-06 19:33:04,2026-01-01,Jan-2026,B0G1PTSQTS,Gut Balance,Vine,39.99,0.0,1,True,vine.enrollment.8e8e6c4f-2215-42db-9437-dcf4208c5bd8:1767646289061
111-5834576-3389805,2026-01-06 20:14:18,2026-01-01,Jan-2026,B0G1PTSQTS,Gut Balance,Vine,39.99,0.0,1,True,vine.enrollment.8e8e6c4f-2215-42db-9437-dcf4208c5bd8:1767646289061
112-9924356-0995402,2026-01-06 20:17:54,2026-01-01,Jan-2026,B0G1PTSQTS,Gut Balance,Vine,39.99,0.0,1,True,vine.enrollment.8e8e6c4f-2215-42db-9437-dcf4208c5bd8:1767646289061
113-8694013-0197827,2026-01-06 23:12:59,2026-01-01,Jan-2026,B0G1NL6TQC,Mood Balance,Vine,39.99,0.0,1,True,vine.enrollment.162c1f43-0f90-4a4d-bd5d-8c783827fce9:1767646286981
114-0581748-1686628,2026-01-07 00:15:00,2026-01-01,Jan-2026,B0G1PTSQTS,Gut Balance,Vine,39.99,0.0,1,True,vine.enrollment.8e8e6c4f-2215-42db-9437-dcf4208c5bd8:1767646289061
114-5916406-8883426,2026-01-07 00:47:05,2026-01-01,Jan-2026,B0G1PTSQTS,Gut Balance,Vine,39.99,0.0,1,True,vine.enrollment.8e8e6c4f-2215-42db-9437-dcf4208c5bd8:1767646289061
114-0413884-9592250,2026-01-07 01:16:25,2026-01-01,Jan-2026,B0G1PTSQTS,Gut Balance,Vine,39.99,0.0,1,True,vine.enrollment.8e8e6c4f-2215-42db-9437-dcf4208c5bd8:1767646289061
113-5657200-9918639,2026-01-07 11:41:39,2026-01-01,Jan-2026,B0G1PTSQTS,Gut Balance,Vine,39.99,0.0,1,True,vine.enrollment.8e8e6c4f-2215-42db-9437-dcf4208c5bd8:1767646289061
112-3956495-8963446,2026-01-07 12:29:42,2026-01-01,Jan-2026,B0G1NL6TQC,Mood Balance,Vine,39.99,0.0,1,True,vine.enrollment.162c1f43-0f90-4a4d-bd5d-8c783827fce9:1767646286981
114-3916266-1149042,2026-01-07 13:25:24,2026-01-01,Jan-2026,B0G1NL6TQC,Mood Balance,Vine,39.99,0.0,1,True,vine.enrollment.162c1f43-0f90-4a4d-bd5d-8c783827fce9:1767646286981
111-2483746-1684268,2026-01-07 13:25:41,2026-01-01,Jan-2026,B0G1NL6TQC,Mood Balance,Vine,39.99,0.0,1,True,vine.enrollment.162c1f43-0f90-4a4d-bd5d-8c783827fce9:1767646286981
114-1288310-4085064,2026-01-07 13:57:52,2026-01-01,Jan-2026,B0G1NL6TQC,Mood Balance,Vine,39.99,0.0,1,True,vine.enrollment.162c1f43-0f90-4a4d-bd5d-8c783827fce9:1767646286981
114-9737302-2333864,2026-01-07 14:13:10,2026-01-01,Jan-2026,B0G1PTSQTS,Gut Balance,Vine,39.99,0.0,1,True,vine.enrollment.8e8e6c4f-2215-42db-9437-dcf4208c5bd8:1767646289061
113-6920830-9713062,2026-01-07 14:38:33,2026-01-01,Jan-2026,B0G1PTSQTS,Gut Balance,Vine,39.99,0.0,1,True,vine.enrollment.8e8e6c4f-2215-42db-9437-dcf4208c5bd8:1767646289061
114-8698001-6889011,2026-01-07 16:00:42,2026-01-01,Jan-2026,B0G1NL6TQC,Mood Balance,Vine,39.99,0.0,1,True,vine.enrollment.162c1f43-0f90-4a4d-bd5d-8c783827fce9:1767646286981
114-4449760-8545028,2026-01-07 17:37:10,2026-01-01,Jan-2026,B0G1PTSQTS,Gut Balance,Vine,39.99,0.0,1,True,vine.enrollment.8e8e6c4f-2215-42db-9437-dcf4208c5bd8:1767646289061
111-7291989-0837829,2026-01-07 18:00:39,2026-01-01,Jan-2026,B0G1NL6TQC,Mood Balance,Vine,39.99,0.0,1,True,vine.enrollment.162c1f43-0f90-4a4d-bd5d-8c783827fce9:1767646286981
114-9490327-2350609,2026-01-07 18:35:48,2026-01-01,Jan-2026,B0G1NL6TQC,Mood Balance,Vine,39.99,0.0,1,True,vine.enrollment.162c1f43-0f90-4a4d-bd5d-8c783827fce9:1767646286981
111-2294977-0349861,2026-01-07 22:07:46,2026-01-01,Jan-2026,B0G1NL6TQC,Mood Balance,Vine,39.99,0.0,1,True,vine.enrollment.162c1f43-0f90-4a4d-bd5d-8c783827fce9:1767646286981
113-7819475-5116223,2026-01-07 22:54:57,2026-01-01,Jan-2026,B0G1PTSQTS,Gut Balance,Vine,39.99,0.0,1,True,vine.enrollment.8e8e6c4f-2215-42db-9437-dcf4208c5bd8:1767646289061
113-2442130-4604209,2026-01-07 23:31:12,2026-01-01,Jan-2026,B0G1NL6TQC,Mood Balance,Vine,39.99,0.0,1,True,vine.enrollment.162c1f43-0f90-4a4d-bd5d-8c783827fce9:1767646286981
112-1480852-1464252,2026-01-08 11:13:54,2026-01-01,Jan-2026,B0G1NL6TQC,Mood Balance,Vine,39.99,0.0,1,True,vine.enrollment.162c1f43-0f90-4a4d-bd5d-8c783827fce9:1767646286981
112-5238766-1957028,2026-01-08 12:46:46,2026-01-01,Jan-2026,B0G1NL6TQC,Mood Balance,Vine,39.99,0.0,1,True,vine.enrollment.162c1f43-0f90-4a4d-bd5d-8c783827fce9:1767646286981
113-3260941-4369054,2026-01-08 14:12:35,2026-01-01,Jan-2026,B0G1NL6TQC,Mood Balance,Vine,39.99,0.0,1,True,vine.enrollment.162c1f43-0f90-4a4d-bd5d-8c783827fce9:1767646286981
112-2871194-1174611,2026-01-08 15:00:07,2026-01-01,Jan-2026,B0G1NL6TQC,Mood Balance,Vine,39.99,0.0,1,True,vine.enrollment.162c1f43-0f90-4a4d-bd5d-8c783827fce9:1767646286981
114-8332796-4757060,2026-01-09 12:06:20,2026-01-01,Jan-2026,B0G1NL6TQC,Mood Balance,Vine,39.99,0.0,1,True,vine.enrollment.162c1f43-0f90-4a4d-bd5d-8c783827fce9:1767646286981
113-5621518-5417801,2026-01-13 03:24:01,2026-01-01,Jan-2026,B0G1PTSQTS,Gut Balance,Real client,39.99,39.99,1,False,
114-8938522-2373039,2026-01-14 02:39:51,2026-01-01,Jan-2026,B0G1NL6TQC,Mood Balance,Real client,39.99,39.99,1,False,
112-6991360-5481060,2026-01-14 22:59:52,2026-01-01,Jan-2026,B0G1PTSQTS,Gut Balance,Real client,39.99,39.99,1,False,
114-5412860-8253026,2026-01-15 06:53:41,2026-01-01,Jan-2026,B0G1PTSQTS,Gut Balance,Real client,39.99,39.99,1,False,
112-2984645-5792213,2026-01-15 15:00:53,2026-01-01,Jan-2026,B0G1NL6TQC,Mood Balance,Real client,39.99,39.99,1,False,
112-0056817-3636224,2026-01-15 15:43:21,2026-01-01,Jan-2026,B0G1NL6TQC,Mood Balance,Real client,39.99,39.99,1,False,
111-7017908-6636218,2026-01-16 11:33:31,2026-01-01,Jan-2026,B0G1PTSQTS,Gut Balance,Real client,39.99,39.99,1,False,
111-3924241-0729840,2026-01-17 02:46:27,2026-01-01,Jan-2026,B0G1NL6TQC,Mood Balance,Real client,39.99,39.99,1,False,
111-0298683-5681031,2026-01-17 16:46:10,2026-01-01,Jan-2026,B0G1PTSQTS,Gut Balance,Real client,39.99,39.99,1,False,
112-2718891-9221027,2026-01-18 19:38:17,2026-01-01,Jan-2026,B0G1PTSQTS,Gut Balance,Real client,39.99,39.99,1,False,
112-8667496-4441031,2026-01-19 00:32:37,2026-01-01,Jan-2026,B0G1PTSQTS,Gut Balance,Real client,39.99,39.99,1,False,
111-2311437-0778657,2026-01-19 23:54:43,2026-01-01,Jan-2026,B0G1PTSQTS,Gut Balance,Real client,39.99,39.99,1,False,
S01-8979370-2469229,2026-01-21 22:29:21,2026-01-01,Jan-2026,B0G1NL6TQC,Mood Balance,Real client,0.0,0.0,1,False,
111-4717086-1598606,2026-01-24 01:51:31,2026-01-01,Jan-2026,B0G1PTSQTS,Gut Balance,Real client,39.99,39.99,1,False,
113-4923676-4073863,2026-01-26 03:16:01,2026-01-01,Jan-2026,B0G1PTSQTS,Gut Balance,Real client,39.99,39.99,1,False,
111-3009651-0863446,2026-01-28 22:20:16,2026-01-01,Jan-2026,B0G1PTSQTS,Gut Balance,Real client,39.99,39.99,1,False,
112-7551600-9065836,2026-01-30 02:24:02,2026-01-01,Jan-2026,B0G1PTSQTS,Gut Balance,Subscribe & Save,79.98,47.98,2,False,FBA Subscribe & Save Discount
114-4384774-9811448,2026-01-30 18:58:39,2026-01-01,Jan-2026,B0G1NL6TQC,Mood Balance,Subscribe & Save,39.99,13.990000000000002,1,False,"PLM-20d2c99e-fa4e-4f63-90f4-5318fce51f47, Subscribe and Save Promotion V2"
113-3768160-4239418,2026-01-31 13:25:34,2026-01-01,Jan-2026,B0G1PTSQTS,Gut Balance,Real client,39.99,39.99,1,False,
112-2320349-6022604,2026-02-01 16:57:58,2026-02-01,Feb-2026,B0G1PTSQTS,Gut Balance,Real client,39.99,39.99,1,False,
112-7147364-9053866,2026-02-03 15:22:30,2026-02-01,Feb-2026,B0G1PTSQTS,Gut Balance,Real client,39.99,39.99,1,False,
114-4511406-0885033,2026-02-04 04:59:16,2026-02-01,Feb-2026,B0G1PTSQTS,Gut Balance,Real client,39.99,39.99,1,False,
112-1045312-0898625,2026-02-04 23:45:11,2026-02-01,Feb-2026,B0G1PTSQTS,Gut Balance,Real client,39.99,39.99,1,False,
112-6969590-6006607,2026-02-06 02:01:03,2026-02-01,Feb-2026,B0G1PTSQTS,Gut Balance,Real client,39.99,39.99,1,False,
114-1381118-9509864,2026-02-06 04:58:57,2026-02-01,Feb-2026,B0G1PTSQTS,Gut Balance,Subscribe & Save,39.99,13.990000000000002,1,False,"PLM-20d2c99e-fa4e-4f63-90f4-5318fce51f47, Subscribe and Save Promotion V2"
114-0440679-6930601,2026-02-06 14:45:51,2026-02-01,Feb-2026,B0G1PTSQTS,Gut Balance,Real client,39.99,39.99,1,False,
111-1790126-1433027,2026-02-06 21:32:13,2026-02-01,Feb-2026,B0G1PTSQTS,Gut Balance,Real client,39.99,39.99,1,False,
112-1788210-4939464,2026-02-07 16:40:54,2026-02-01,Feb-2026,B0G1PTSQTS,Gut Balance,Subscribe & Save,39.99,13.990000000000002,1,False,"Subscribe and Save Promotion V2, PLM-20d2c99e-fa4e-4f63-90f4-5318fce51f47"
113-0241488-9151455,2026-02-08 04:41:32,2026-02-01,Feb-2026,B0G1PTSQTS,Gut Balance,Subscribe & Save,39.99,13.990000000000002,1,False,FBA Subscribe & Save Discount
113-6170874-2633016,2026-02-09 07:28:14,2026-02-01,Feb-2026,B0G1PTSQTS,Gut Balance,Real client,39.99,39.99,1,False,
114-1862921-8125013,2026-02-09 12:38:08,2026-02-01,Feb-2026,B0G1PTSQTS,Gut Balance,Subscribe & Save,39.99,13.990000000000002,1,False,"Subscribe and Save Promotion V2, PLM-20d2c99e-fa4e-4f63-90f4-5318fce51f47"
112-7287444-9717010,2026-02-09 15:53:12,2026-02-01,Feb-2026,B0G1PTSQTS,Gut Balance,Real client,39.99,39.99,1,False,
114-2678931-3515404,2026-02-09 16:36:29,2026-02-01,Feb-2026,B0G1NL6TQC,Mood Balance,Subscribe & Save,39.99,13.990000000000002,1,False,"PLM-20d2c99e-fa4e-4f63-90f4-5318fce51f47, Subscribe and Save Promotion V2"
111-2465586-7946613,2026-02-10 00:10:12,2026-02-01,Feb-2026,B0G1PTSQTS,Gut Balance,Real client,39.99,39.99,1,False,
111-7984488-8885053,2026-02-10 22:10:41,2026-02-01,Feb-2026,B0G1PTSQTS,Gut Balance,Subscribe & Save,39.99,13.990000000000002,1,False,FBA Subscribe & Save Discount
111-5486229-9469047,2026-02-11 18:39:47,2026-02-01,Feb-2026,B0G1PTSQTS,Gut Balance,Real client,39.99,39.99,1,False,
113-5360064-2285066,2026-02-11 22:09:55,2026-02-01,Feb-2026,B0G1PTSQTS,Gut Balance,Real client,39.99,39.99,1,False,
112-9605240-1505868,2026-02-12 02:40:30,2026-02-01,Feb-2026,B0G1PTSQTS,Gut Balance,Real client,39.99,39.99,1,False,
112-0999721-6461811,2026-02-12 18:44:49,2026-02-01,Feb-2026,B0G1NL6TQC,Mood Balance,Real client,39.99,39.99,1,False,
112-3196907-9941022,2026-02-13 22:46:18,2026-02-01,Feb-2026,B0G1PTSQTS,Gut Balance,Real client,39.99,39.99,1,False,
113-0108343-9888257,2026-02-13 23:26:55,2026-02-01,Feb-2026,B0G1PTSQTS,Gut Balance,Subscribe & Save,39.99,13.990000000000002,1,False,"Subscribe and Save Promotion V2, PLM-20d2c99e-fa4e-4f63-90f4-5318fce51f47"
111-9938708-2075438,2026-02-14 01:19:08,2026-02-01,Feb-2026,B0G1PTSQTS,Gut Balance,Other discount,79.98,63.980000000000004,2,False,Percentage Off 2026/01/26 20-6-1-198
114-0921151-9256227,2026-02-14 20:04:30,2026-02-01,Feb-2026,B0G1PTSQTS,Gut Balance,Real client,39.99,39.99,1,False,
112-9595954-0184203,2026-02-15 01:13:29,2026-02-01,Feb-2026,B0G1PTSQTS,Gut Balance,Real client,39.99,39.99,1,False,
113-2913818-1670609,2026-02-15 01:36:09,2026-02-01,Feb-2026,B0G1PTSQTS,Gut Balance,Real client,39.99,39.99,1,False,
111-9456540-4181850,2026-02-16 06:20:53,2026-02-01,Feb-2026,B0G1PTSQTS,Gut Balance,Subscribe & Save,39.99,13.990000000000002,1,False,FBA Subscribe & Save Discount
111-5707571-9480204,2026-02-17 00:49:11,2026-02-01,Feb-2026,B0G1PTSQTS,Gut Balance,Real client,39.99,39.99,1,False,
113-6604058-1740261,2026-02-17 06:02:06,2026-02-01,Feb-2026,B0G1NL6TQC,Mood Balance,Subscribe & Save,39.99,13.990000000000002,1,False,"PLM-20d2c99e-fa4e-4f63-90f4-5318fce51f47, Subscribe and Save Promotion V2"
113-3349864-3273003,2026-02-17 12:31:59,2026-02-01,Feb-2026,B0G1PTSQTS,Gut Balance,Real client,39.99,39.99,1,False,
114-3598028-9937836,2026-02-18 18:35:15,2026-02-01,Feb-2026,B0G1PTSQTS,Gut Balance,Real client,39.99,39.99,1,False,
113-6563199-4017010,2026-02-19 01:33:42,2026-02-01,Feb-2026,B0G1PTSQTS,Gut Balance,Real client,39.99,39.99,1,False,
113-7423794-3849863,2026-02-20 15:35:47,2026-02-01,Feb-2026,B0G1PTSQTS,Gut Balance,Real client,39.99,39.99,1,False,
111-7486241-7247445,2026-02-20 20:55:33,2026-02-01,Feb-2026,B0G1PTSQTS,Gut Balance,Real client,39.99,39.99,1,False,
111-7668614-9933004,2026-02-21 04:35:13,2026-02-01,Feb-2026,B0G1PTSQTS,Gut Balance,Real client,39.99,39.99,1,False,
112-3418518-1696228,2026-02-24 12:18:22,2026-02-01,Feb-2026,B0G1NL6TQC,Mood Balance,Subscribe & Save,39.99,19.990000000000002,1,False,"PLM-b7e59cea-cac7-4480-a32d-9b36c4b30240, Subscribe and Save Promotion V2"
113-7563771-2976263,2026-02-24 21:01:45,2026-02-01,Feb-2026,B0G1PTSQTS,Gut Balance,Real client,39.99,39.99,1,False,
111-4536652-2315421,2026-02-25 23:44:52,2026-02-01,Feb-2026,B0G1NL6TQC,Mood Balance,Real client,39.99,39.99,1,False,
112-0371949-4492258,2026-02-26 11:51:36,2026-02-01,Feb-2026,B0G1PTSQTS,Gut Balance,Real client,39.99,39.99,1,False,
113-7769817-3997038,2026-02-27 16:00:33,2026-02-01,Feb-2026,B0G1PTSQTS,Gut Balance,Real client,39.99,39.99,1,False,
114-2043344-4229856,2026-03-01 03:07:18,2026-03-01,Mar-2026,B0G1PTSQTS,Gut Balance,Real client,39.99,39.99,1,False,
112-8285038-8539421,2026-03-01 06:50:30,2026-03-01,Mar-2026,B0G1PTSQTS,Gut Balance,Real client,39.99,39.99,1,False,
112-1500199-6266658,2026-03-01 21:49:22,2026-03-01,Mar-2026,B0G1NL6TQC,Mood Balance,Subscribe & Save,39.99,25.990000000000002,1,False,"Subscribe and Save Promotion V2, Percentage Off 2026/01/26 20-6-1-198"
112-1500199-6266658,2026-03-01 21:49:22,2026-03-01,Mar-2026,B0G1PTSQTS,Gut Balance,Subscribe & Save,39.99,25.990000000000002,1,False,"Percentage Off 2026/01/26 20-6-1-198, Subscribe and Save Promotion V2"
113-5505242-9552240,2026-03-01 22:42:01,2026-03-01,Mar-2026,B0G1PTSQTS,Gut Balance,Real client,39.99,39.99,1,False,
112-2375149-2229043,2026-03-02 00:33:57,2026-03-01,Mar-2026,B0G1PTSQTS,Gut Balance,Real client,39.99,39.99,1,False,
111-1237151-6819446,2026-03-02 00:52:44,2026-03-01,Mar-2026,B0G1PTSQTS,Gut Balance,Real client,39.99,39.99,1,False,
111-4211896-7753037,2026-03-02 10:47:33,2026-03-01,Mar-2026,B0G1NL6TQC,Mood Balance,Other discount,39.99,31.990000000000002,1,False,Percentage Off 2026/01/26 20-6-1-198
111-0115790-1222654,2026-03-02 10:47:33,2026-03-01,Mar-2026,B0G1PTSQTS,Gut Balance,Other discount,39.99,31.990000000000002,1,False,Percentage Off 2026/01/26 20-6-1-198
111-2818792-0333822,2026-03-02 11:31:23,2026-03-01,Mar-2026,B0G1PTSQTS,Gut Balance,Real client,39.99,39.99,1,False,
114-8701922-9041007,2026-03-03 12:07:16,2026-03-01,Mar-2026,B0G1PTSQTS,Gut Balance,Subscribe & Save,39.99,19.990000000000002,1,False,"Subscribe and Save Promotion V2, PLM-b7e59cea-cac7-4480-a32d-9b36c4b30240"
111-2059882-3622660,2026-03-03 21:35:01,2026-03-01,Mar-2026,B0G1PTSQTS,Gut Balance,Real client,39.99,39.99,1,False,
114-3478452-6764255,2026-03-04 18:09:16,2026-03-01,Mar-2026,B0G1PTSQTS,Gut Balance,Real client,39.99,39.99,1,False,
113-7826989-8536210,2026-03-04 18:16:56,2026-03-01,Mar-2026,B0G1PTSQTS,Gut Balance,Real client,39.99,39.99,1,False,
112-9304163-7642607,2026-03-05 01:55:24,2026-03-01,Mar-2026,B0G1PTSQTS,Gut Balance,Real client,39.99,39.99,1,False,
113-0186585-7467466,2026-03-05 03:28:10,2026-03-01,Mar-2026,B0G1NL6TQC,Mood Balance,Subscribe & Save,39.99,19.990000000000002,1,False,"PLM-b7e59cea-cac7-4480-a32d-9b36c4b30240, Subscribe and Save Promotion V2"
114-5496419-5330625,2026-03-05 05:00:35,2026-03-01,Mar-2026,B0G1NL6TQC,Mood Balance,Real client,39.99,39.99,1,False,
111-1741925-4476256,2026-03-06 01:14:58,2026-03-01,Mar-2026,B0G1PTSQTS,Gut Balance,Real client,39.99,39.99,1,False,
113-2014144-1329031,2026-03-06 13:37:21,2026-03-01,Mar-2026,B0G1NL6TQC,Mood Balance,Real client,39.99,39.99,1,False,
114-0948880-2257057,2026-03-07 04:23:05,2026-03-01,Mar-2026,B0G1PTSQTS,Gut Balance,Real client,39.99,39.99,1,False,
111-6786925-2603455,2026-03-07 14:24:18,2026-03-01,Mar-2026,B0G1PTSQTS,Gut Balance,Real client,39.99,39.99,1,False,
114-9413213-9867421,2026-03-07 15:55:22,2026-03-01,Mar-2026,B0G1PTSQTS,Gut Balance,Real client,39.99,39.99,1,False,
113-6485798-2969068,2026-03-07 19:48:31,2026-03-01,Mar-2026,B0G1NL6TQC,Mood Balance,Real client,39.99,39.99,1,False,
113-3793495-8245065,2026-03-07 23:05:49,2026-03-01,Mar-2026,B0G1PTSQTS,Gut Balance,Real client,39.99,39.99,1,False,
111-6298659-3436203,2026-03-08 01:26:45,2026-03-01,Mar-2026,B0G1PTSQTS,Gut Balance,Real client,39.99,39.99,1,False,
111-3081161-9162637,2026-03-08 09:34:37,2026-03-01,Mar-2026,B0G1NL6TQC,Mood Balance,Real client,39.99,39.99,1,False,
112-4845215-2062659,2026-03-08 12:17:34,2026-03-01,Mar-2026,B0G1PTSQTS,Gut Balance,Subscribe & Save,39.99,19.990000000000002,1,False,"Subscribe and Save Promotion V2, PLM-b7e59cea-cac7-4480-a32d-9b36c4b30240"
113-9209587-3945052,2026-03-09 18:29:24,2026-03-01,Mar-2026,B0G1PTSQTS,Gut Balance,Real client,39.99,39.99,1,False,
111-7203191-6280247,2026-03-09 21:08:29,2026-03-01,Mar-2026,B0G1PTSQTS,Gut Balance,Real client,39.99,39.99,1,False,
111-8723907-9990618,2026-03-10 01:30:13,2026-03-01,Mar-2026,B0G1PTSQTS,Gut Balance,Real client,39.99,39.99,1,False,
113-4616703-2541826,2026-03-11 11:01:00,2026-03-01,Mar-2026,B0G1PTSQTS,Gut Balance,Real client,39.99,39.99,1,False,
111-5272813-3570668,2026-03-11 19:46:50,2026-03-01,Mar-2026,B0G1PTSQTS,Gut Balance,Subscribe & Save,39.99,33.99,1,False,Subscribe and Save Promotion V2
112-1414097-4359437,2026-03-12 16:10:16,2026-03-01,Mar-2026,B0G1NL6TQC,Mood Balance,Real client,39.99,39.99,1,False,
113-1955968-1582648,2026-03-12 17:15:02,2026-03-01,Mar-2026,B0G1NL6TQC,Mood Balance,Other discount,79.98,63.980000000000004,2,False,Percentage Off 2026/01/26 20-6-1-198
113-0316347-3901001,2026-03-12 23:58:57,2026-03-01,Mar-2026,B0G1PTSQTS,Gut Balance,Subscribe & Save,39.99,19.990000000000002,1,False,"PLM-b7e59cea-cac7-4480-a32d-9b36c4b30240, Subscribe and Save Promotion V2"
111-7561840-1277064,2026-03-13 18:11:59,2026-03-01,Mar-2026,B0G1NL6TQC,Mood Balance,Real client,39.99,39.99,1,False,
112-2731955-6485000,2026-03-13 19:25:13,2026-03-01,Mar-2026,B0G1PTSQTS,Gut Balance,Real client,39.99,39.99,1,False,
113-8023090-4528264,2026-03-14 01:08:45,2026-03-01,Mar-2026,B0G1PTSQTS,Gut Balance,Real client,39.99,39.99,1,False,
111-8577336-4370667,2026-03-14 01:09:57,2026-03-01,Mar-2026,B0G1PTSQTS,Gut Balance,Real client,39.99,39.99,1,False,
112-5230926-1114607,2026-03-14 05:19:28,2026-03-01,Mar-2026,B0G1NL6TQC,Mood Balance,Real client,39.99,39.99,1,False,
111-7415325-4871454,2026-03-15 00:54:04,2026-03-01,Mar-2026,B0G1PTSQTS,Gut Balance,Subscribe & Save,39.99,33.99,1,False,FBA Subscribe & Save Discount
114-1095242-1645821,2026-03-15 01:14:46,2026-03-01,Mar-2026,B0G1PTSQTS,Gut Balance,Real client,39.99,39.99,1,False,
111-4936611-7384257,2026-03-15 22:08:26,2026-03-01,Mar-2026,B0G1NL6TQC,Mood Balance,Real client,39.99,39.99,1,False,
111-8595645-6339456,2026-03-16 22:03:01,2026-03-01,Mar-2026,B0G1PTSQTS,Gut Balance,Real client,39.99,39.99,1,False,
114-1483560-8945801,2026-03-17 00:39:29,2026-03-01,Mar-2026,B0G1PTSQTS,Gut Balance,Subscribe & Save,39.99,19.990000000000002,1,False,"PLM-b7e59cea-cac7-4480-a32d-9b36c4b30240, Subscribe and Save Promotion V2"
111-5044516-5387411,2026-03-17 10:21:52,2026-03-01,Mar-2026,B0G1PTSQTS,Gut Balance,Subscribe & Save,39.99,19.990000000000002,1,False,"PLM-b7e59cea-cac7-4480-a32d-9b36c4b30240, Subscribe and Save Promotion V2"
112-8571748-5209849,2026-03-17 12:56:28,2026-03-01,Mar-2026,B0G1NL6TQC,Mood Balance,Real client,39.99,39.99,1,False,
114-3448356-9031428,2026-03-18 02:47:41,2026-03-01,Mar-2026,B0G1PTSQTS,Gut Balance,Subscribe & Save,39.99,19.990000000000002,1,False,"PLM-b7e59cea-cac7-4480-a32d-9b36c4b30240, Subscribe and Save Promotion V2"
114-3166663-1766620,2026-03-18 19:55:34,2026-03-01,Mar-2026,B0G1PTSQTS,Gut Balance,Subscribe & Save,39.99,33.99,1,False,Subscribe and Save Promotion V2
112-9192739-2490650,2026-03-19 03:51:02,2026-03-01,Mar-2026,B0G1NL6TQC,Mood Balance,Subscribe & Save,39.99,19.990000000000002,1,False,FBA Subscribe & Save Discount
111-8391470-5212245,2026-03-19 04:38:10,2026-03-01,Mar-2026,B0G1PTSQTS,Gut Balance,Real client,39.99,39.99,1,False,
111-9838433-6598639,2026-03-20 07:32:22,2026-03-01,Mar-2026,B0G1PTSQTS,Gut Balance,Subscribe & Save,39.99,19.990000000000002,1,False,FBA Subscribe & Save Discount
111-5700131-4603403,2026-03-20 07:33:48,2026-03-01,Mar-2026,B0G1NL6TQC,Mood Balance,Subscribe & Save,39.99,19.990000000000002,1,False,"Subscribe and Save Promotion V2, PLM-b7e59cea-cac7-4480-a32d-9b36c4b30240"
114-6499448-0297844,2026-03-20 13:39:29,2026-03-01,Mar-2026,B0G1PTSQTS,Gut Balance,Subscribe & Save,39.99,33.99,1,False,Subscribe and Save Promotion V2
111-9214840-9262615,2026-03-21 05:07:21,2026-03-01,Mar-2026,B0G1PTSQTS,Gut Balance,Real client,39.99,39.99,1,False,
113-3704660-3230660,2026-03-21 15:37:32,2026-03-01,Mar-2026,B0G1NL6TQC,Mood Balance,Real client,39.99,39.99,1,False,
112-3621588-7437840,2026-03-21 20:24:21,2026-03-01,Mar-2026,B0G1NL6TQC,Mood Balance,Other discount,39.99,31.990000000000002,1,False,Percentage Off 2026/01/26 20-6-1-198
112-3621588-7437840,2026-03-21 20:24:21,2026-03-01,Mar-2026,B0G1PTSQTS,Gut Balance,Other discount,39.99,31.990000000000002,1,False,Percentage Off 2026/01/26 20-6-1-198
111-7365778-5912221,2026-03-22 15:01:56,2026-03-01,Mar-2026,B0G1PTSQTS,Gut Balance,Real client,39.99,39.99,1,False,
114-6260875-8969057,2026-03-23 00:12:28,2026-03-01,Mar-2026,B0G1PTSQTS,Gut Balance,Real client,37.99,37.99,1,False,
111-7908181-7348253,2026-03-23 02:54:11,2026-03-01,Mar-2026,B0G1NL6TQC,Mood Balance,Real client,39.99,39.99,1,False,
111-9829624-3298608,2026-03-24 20:58:55,2026-03-01,Mar-2026,B0G1NL6TQC,Mood Balance,Subscribe & Save,39.99,33.99,1,False,FBA Subscribe & Save Discount
114-9853775-6576265,2026-03-25 08:15:37,2026-03-01,Mar-2026,B0G1PTSQTS,Gut Balance,Real client,39.99,39.99,1,False,
114-6843318-7464208,2026-03-25 15:50:13,2026-03-01,Mar-2026,B0G1PTSQTS,Gut Balance,Real client,39.99,39.99,1,False,
114-2085479-4669025,2026-03-26 11:36:56,2026-03-01,Mar-2026,B0G1PTSQTS,Gut Balance,Real client,39.99,39.99,1,False,
113-8806414-5101801,2026-03-26 21:45:06,2026-03-01,Mar-2026,B0G1PTSQTS,Gut Balance,Real client,39.99,39.99,1,False,
112-5348789-4481825,2026-03-26 22:15:45,2026-03-01,Mar-2026,B0G1NL6TQC,Mood Balance,Real client,39.99,39.99,1,False,
113-3525934-1947431,2026-03-27 20:46:44,2026-03-01,Mar-2026,B0G1PTSQTS,Gut Balance,Real client,39.99,39.99,1,False,
111-1395358-1671415,2026-03-28 04:20:45,2026-03-01,Mar-2026,B0G1PTSQTS,Gut Balance,Real client,39.99,39.99,1,False,
111-0001575-9554608,2026-03-28 14:05:00,2026-03-01,Mar-2026,B0G1PTSQTS,Gut Balance,Real client,39.99,39.99,1,False,
112-5580259-0353830,2026-03-28 18:28:10,2026-03-01,Mar-2026,B0G1PTSQTS,Gut Balance,Real client,39.99,39.99,1,False,
112-0070441-0009051,2026-03-28 19:21:16,2026-03-01,Mar-2026,B0G1PTSQTS,Gut Balance,Real client,39.99,39.99,1,False,
112-6488523-4234657,2026-03-29 19:58:43,2026-03-01,Mar-2026,B0G1PTSQTS,Gut Balance,Real client,39.99,39.99,1,False,
112-0639681-0032260,2026-03-30 02:36:29,2026-03-01,Mar-2026,B0G1NL6TQC,Mood Balance,Real client,39.99,39.99,1,False,
112-3053583-7567438,2026-03-30 04:02:34,2026-03-01,Mar-2026,B0G1NL6TQC,Mood Balance,Subscribe & Save,39.99,19.990000000000002,1,False,"PLM-b7e59cea-cac7-4480-a32d-9b36c4b30240, Subscribe and Save Promotion V2"
112-8165783-7365837,2026-03-30 18:01:14,2026-03-01,Mar-2026,B0G1NL6TQC,Mood Balance,Subscribe & Save,39.99,33.99,1,False,FBA Subscribe & Save Discount
112-9801497-0128263,2026-03-30 21:29:26,2026-03-01,Mar-2026,B0G1PTSQTS,Gut Balance,Subscribe & Save,39.99,33.99,1,False,FBA Subscribe & Save Discount
113-9447236-5763425,2026-03-30 22:21:33,2026-03-01,Mar-2026,B0G1PTSQTS,Gut Balance,Real client,39.99,39.99,1,False,
113-4018117-0731436,2026-03-31 03:56:48,2026-03-01,Mar-2026,B0G1PTSQTS,Gut Balance,Real client,39.99,39.99,1,False,
112-1176761-7560253,2026-03-31 05:28:08,2026-03-01,Mar-2026,B0G1PTSQTS,Gut Balance,Real client,39.99,39.99,1,False,
111-9946109-3868228,2026-03-31 05:34:37,2026-03-01,Mar-2026,B0G1PTSQTS,Gut Balance,Subscribe & Save,39.99,19.990000000000002,1,False,"Subscribe and Save Promotion V2, PLM-b7e59cea-cac7-4480-a32d-9b36c4b30240"
113-2722621-1616209,2026-03-31 22:49:20,2026-03-01,Mar-2026,B0G1PTSQTS,Gut Balance,Real client,39.99,39.99,1,False,
113-3966199-5644208,2026-04-02 10:56:18,2026-04-01,Apr-2026,B0G1PTSQTS,Gut Balance,Real client,39.99,39.99,1,False,
112-2761449-9231408,2026-04-02 22:16:19,2026-04-01,Apr-2026,B0G1PTSQTS,Gut Balance,Real client,39.99,39.99,1,False,
113-6169279-2153035,2026-04-03 00:40:51,2026-04-01,Apr-2026,B0G1NL6TQC,Mood Balance,Real client,39.99,39.99,1,False,
112-7370953-3061020,2026-04-03 23:58:16,2026-04-01,Apr-2026,B0G1PTSQTS,Gut Balance,Real client,39.99,39.99,1,False,
112-7035409-3480227,2026-04-04 14:42:57,2026-04-01,Apr-2026,B0G1NL6TQC,Mood Balance,Real client,39.99,39.99,1,False,
111-9666761-6041863,2026-04-04 21:46:43,2026-04-01,Apr-2026,B0G1NL6TQC,Mood Balance,Real client,39.99,39.99,1,False,
114-4479277-5398631,2026-04-05 15:34:49,2026-04-01,Apr-2026,B0G1PTSQTS,Gut Balance,Real client,39.99,39.99,1,False,
111-9538709-3205016,2026-04-06 04:31:46,2026-04-01,Apr-2026,B0G1PTSQTS,Gut Balance,Real client,39.99,39.99,1,False,
114-3169664-0709830,2026-04-06 12:11:41,2026-04-01,Apr-2026,B0G1NL6TQC,Mood Balance,Real client,39.99,39.99,1,False,
112-6540669-0933033,2026-04-06 21:13:29,2026-04-01,Apr-2026,B0G1NL6TQC,Mood Balance,Real client,39.99,39.99,1,False,
112-2843553-7225056,2026-04-07 02:01:49,2026-04-01,Apr-2026,B0G1PTSQTS,Gut Balance,Real client,39.99,39.99,1,False,
111-4683516-9239406,2026-04-07 19:15:44,2026-04-01,Apr-2026,B0G1PTSQTS,Gut Balance,Real client,39.99,39.99,1,False,
112-1550642-3070630,2026-04-09 02:25:03,2026-04-01,Apr-2026,B0G1NL6TQC,Mood Balance,Subscribe & Save,39.99,33.99,1,False,FBA Subscribe & Save Discount
113-2326789-4279442,2026-04-09 12:32:40,2026-04-01,Apr-2026,B0G1PTSQTS,Gut Balance,Real client,39.99,39.99,1,False,
112-4414966-5585839,2026-04-11 07:01:56,2026-04-01,Apr-2026,B0G1PTSQTS,Gut Balance,Subscribe & Save,39.99,33.99,1,False,FBA Subscribe & Save Discount
113-0177382-2669031,2026-04-12 14:26:49,2026-04-01,Apr-2026,B0G1PTSQTS,Gut Balance,Real client,39.99,39.99,1,False,
112-4553375-3661846,2026-04-12 17:03:08,2026-04-01,Apr-2026,B0G1NL6TQC,Mood Balance,Subscribe & Save,39.99,25.990000000000002,1,False,"Percentage Off 2026/01/26 20-6-1-198, Subscribe and Save Promotion V2"
112-4553375-3661846,2026-04-12 17:03:08,2026-04-01,Apr-2026,B0G1PTSQTS,Gut Balance,Subscribe & Save,39.99,25.990000000000002,1,False,"Subscribe and Save Promotion V2, Percentage Off 2026/01/26 20-6-1-198"
113-1143432-6161065,2026-04-12 17:13:29,2026-04-01,Apr-2026,B0G1PTSQTS,Gut Balance,Real client,39.99,39.99,1,False,
114-4209936-1103433,2026-04-12 18:49:42,2026-04-01,Apr-2026,B0G1NL6TQC,Mood Balance,Real client,39.99,39.99,1,False,
113-0990745-2381864,2026-04-13 01:00:42,2026-04-01,Apr-2026,B0G1PTSQTS,Gut Balance,Subscribe & Save,39.99,33.99,1,False,FBA Subscribe & Save Discount
111-2316509-6196219,2026-04-13 21:17:58,2026-04-01,Apr-2026,B0G1PTSQTS,Gut Balance,Real client,39.99,39.99,1,False,
114-0532966-9309012,2026-04-14 13:27:39,2026-04-01,Apr-2026,B0G1PTSQTS,Gut Balance,Real client,37.99,37.99,1,False,
114-9464590-8474633,2026-04-15 04:02:45,2026-04-01,Apr-2026,B0G1PTSQTS,Gut Balance,Subscribe & Save,39.99,33.99,1,False,FBA Subscribe & Save Discount
113-8337024-8622614,2026-04-15 11:42:43,2026-04-01,Apr-2026,B0G1PTSQTS,Gut Balance,Real client,39.99,39.99,1,False,
112-9581390-4781815,2026-04-15 13:53:52,2026-04-01,Apr-2026,B0G1PTSQTS,Gut Balance,Real client,39.99,39.99,1,False,
111-7086856-9533855,2026-04-16 09:34:56,2026-04-01,Apr-2026,B0G1PTSQTS,Gut Balance,Real client,39.99,39.99,1,False,
114-7990559-2707442,2026-04-17 10:30:42,2026-04-01,Apr-2026,B0G1PTSQTS,Gut Balance,Real client,39.99,39.99,1,False,
111-5279386-3598621,2026-04-18 15:19:33,2026-04-01,Apr-2026,B0G1NL6TQC,Mood Balance,Real client,39.99,39.99,1,False,
112-7724972-8513024,2026-04-18 17:46:36,2026-04-01,Apr-2026,B0G1PTSQTS,Gut Balance,Subscribe & Save,39.99,33.99,1,False,FBA Subscribe & Save Discount
114-4214777-5051401,2026-04-18 23:11:57,2026-04-01,Apr-2026,B0G1PTSQTS,Gut Balance,Real client,39.99,39.99,1,False,
111-1574200-7545817,2026-04-19 10:58:29,2026-04-01,Apr-2026,B0G1PTSQTS,Gut Balance,Real client,39.99,39.99,1,False,
112-3858838-9697005,2026-04-19 16:57:42,2026-04-01,Apr-2026,B0G1PTSQTS,Gut Balance,Subscribe & Save,39.99,33.99,1,False,Subscribe and Save Promotion V2
114-7230127-9367449,2026-04-20 15:39:42,2026-04-01,Apr-2026,B0G1NL6TQC,Mood Balance,Subscribe & Save,39.99,33.99,1,False,FBA Subscribe & Save Discount
111-0542052-0925033,2026-04-20 20:58:46,2026-04-01,Apr-2026,B0G1NL6TQC,Mood Balance,Subscribe & Save,39.99,33.99,1,False,FBA Subscribe & Save Discount
112-8188656-3725867,2026-04-23 05:31:51,2026-04-01,Apr-2026,B0G1PTSQTS,Gut Balance,Real client,39.99,39.99,1,False,
113-5063673-8896204,2026-04-23 20:16:13,2026-04-01,Apr-2026,B0G1PTSQTS,Gut Balance,Subscribe & Save,39.99,33.99,1,False,FBA Subscribe & Save Discount
114-0111854-1736212,2026-04-24 03:57:13,2026-04-01,Apr-2026,B0G1PTSQTS,Gut Balance,Real client,39.99,39.99,1,False,
113-0409342-1981050,2026-04-24 23:29:02,2026-04-01,Apr-2026,B0G1PTSQTS,Gut Balance,Real client,39.99,39.99,1,False,
114-9803512-6929846,2026-04-25 22:15:06,2026-04-01,Apr-2026,B0G1NL6TQC,Mood Balance,Real client,39.99,39.99,1,False,
113-9105451-0595444,2026-04-26 21:55:22,2026-04-01,Apr-2026,B0G1PTSQTS,Gut Balance,Real client,39.99,39.99,1,False,
114-3474855-1789033,2026-04-27 15:28:55,2026-04-01,Apr-2026,B0G1PTSQTS,Gut Balance,Other discount,39.99,31.990000000000002,1,False,Percentage Off 2026/01/26 20-6-1-198
113-9343224-5891441,2026-04-28 15:03:55,2026-04-01,Apr-2026,B0G1PTSQTS,Gut Balance,Subscribe & Save,39.99,33.99,1,False,Subscribe and Save Promotion V2
113-6724259-5789843,2026-04-29 03:00:16,2026-04-01,Apr-2026,B0G1PTSQTS,Gut Balance,Subscribe & Save,39.99,33.99,1,False,Subscribe and Save Promotion V2
112-4562981-6113023,2026-04-29 09:36:35,2026-04-01,Apr-2026,B0G1PTSQTS,Gut Balance,Subscribe & Save,39.99,33.99,1,False,FBA Subscribe & Save Discount
112-6398816-4525860,2026-04-29 13:05:28,2026-04-01,Apr-2026,B0G1PTSQTS,Gut Balance,Real client,39.99,39.99,1,False,
114-2591872-7531419,2026-04-29 15:10:04,2026-04-01,Apr-2026,B0G1NL6TQC,Mood Balance,Real client,39.99,39.99,1,False,
112-6828685-9657053,2026-04-30 04:17:46,2026-04-01,Apr-2026,B0G1NL6TQC,Mood Balance,Subscribe & Save,39.99,33.99,1,False,FBA Subscribe & Save Discount
112-6261932-1118620,2026-04-30 13:19:36,2026-04-01,Apr-2026,B0G1PTSQTS,Gut Balance,Real client,39.99,39.99,1,False,
112-8232459-5021823,2026-05-01 01:10:47,2026-05-01,May-2026,B0G1PTSQTS,Gut Balance,Subscribe & Save,39.99,33.99,1,False,Subscribe and Save Promotion V2
113-6366308-5945801,2026-05-01 12:14:11,2026-05-01,May-2026,B0G1NL6TQC,Mood Balance,Real client,39.99,39.99,1,False,
112-3174257-3666660,2026-05-01 12:20:41,2026-05-01,May-2026,B0G1PTSQTS,Gut Balance,Subscribe & Save,39.99,33.99,1,False,FBA Subscribe & Save Discount
113-3392380-9894639,2026-05-01 15:11:41,2026-05-01,May-2026,B0G1NL6TQC,Mood Balance,Real client,39.99,39.99,1,False,
114-6113089-7202615,2026-05-01 18:51:06,2026-05-01,May-2026,B0G1PTSQTS,Gut Balance,Real client,39.99,39.99,1,False,
114-1011662-9698625,2026-05-02 08:43:02,2026-05-01,May-2026,B0G1PTSQTS,Gut Balance,Subscribe & Save,39.99,33.99,1,False,FBA Subscribe & Save Discount
114-7801204-6436260,2026-05-02 14:34:06,2026-05-01,May-2026,B0G1PTSQTS,Gut Balance,Real client,37.99,37.99,1,False,
113-2868695-9953048,2026-05-02 15:05:24,2026-05-01,May-2026,B0G1NL6TQC,Mood Balance,Real client,39.99,39.99,1,False,
112-3836585-0268227,2026-05-02 22:40:21,2026-05-01,May-2026,B0G1PTSQTS,Gut Balance,Real client,39.99,39.99,1,False,
111-2719944-5049865,2026-05-03 02:47:49,2026-05-01,May-2026,B0G1PTSQTS,Gut Balance,Real client,39.99,39.99,1,False,
111-9635046-6381019,2026-05-03 03:23:34,2026-05-01,May-2026,B0G1PTSQTS,Gut Balance,Subscribe & Save,39.99,33.99,1,False,Subscribe and Save Promotion V2
111-6541720-7403434,2026-05-03 20:11:46,2026-05-01,May-2026,B0G1PTSQTS,Gut Balance,Real client,39.99,39.99,1,False,
114-3361557-8629833,2026-05-04 15:11:43,2026-05-01,May-2026,B0G1NL6TQC,Mood Balance,Real client,39.99,39.99,1,False,
113-8199308-1021023,2026-05-04 19:00:11,2026-05-01,May-2026,B0G1PTSQTS,Gut Balance,Real client,39.99,39.99,1,False,
113-4823970-3046619,2026-05-06 17:41:02,2026-05-01,May-2026,B0G1PTSQTS,Gut Balance,Real client,39.99,39.99,1,False,
111-7464575-2669032,2026-05-08 19:10:39,2026-05-01,May-2026,B0G1PTSQTS,Gut Balance,Real client,39.99,39.99,1,False,
113-8898360-3607406,2026-05-08 22:25:06,2026-05-01,May-2026,B0G1PTSQTS,Gut Balance,Subscribe & Save,39.99,33.99,1,False,Subscribe and Save Promotion V2
111-0706097-4025811,2026-05-09 04:55:31,2026-05-01,May-2026,B0G1NL6TQC,Mood Balance,Subscribe & Save,39.99,33.99,1,False,FBA Subscribe & Save Discount
113-1146569-4374666,2026-05-10 02:21:18,2026-05-01,May-2026,B0G1PTSQTS,Gut Balance,Real client,39.99,39.99,1,False,
113-4356331-9973051,2026-05-10 09:34:19,2026-05-01,May-2026,B0G1PTSQTS,Gut Balance,Real client,39.99,39.99,1,False,
114-0127721-3331403,2026-05-10 12:56:35,2026-05-01,May-2026,B0G1NL6TQC,Mood Balance,Real client,39.99,39.99,1,False,
113-5636970-0257811,2026-05-11 09:51:21,2026-05-01,May-2026,B0G1NL6TQC,Mood Balance,Subscribe & Save,39.99,33.99,1,False,Subscribe and Save Promotion V2
111-1860539-6758624,2026-05-11 16:55:04,2026-05-01,May-2026,B0G1PTSQTS,Gut Balance,Subscribe & Save,39.99,33.99,1,False,FBA Subscribe & Save Discount
114-2704811-9822668,2026-05-12 00:06:31,2026-05-01,May-2026,B0G1PTSQTS,Gut Balance,Real client,39.99,39.99,1,False,
111-7980329-1851461,2026-05-14 03:50:36,2026-05-01,May-2026,B0G1PTSQTS,Gut Balance,Real client,39.99,39.99,1,False,
114-0195109-1465829,2026-05-14 22:22:22,2026-05-01,May-2026,B0G1NL6TQC,Mood Balance,Other discount,39.99,31.990000000000002,1,False,Percentage Off 2026/01/26 20-6-1-198
114-0195109-1465829,2026-05-14 22:22:22,2026-05-01,May-2026,B0G1PTSQTS,Gut Balance,Other discount,39.99,31.990000000000002,1,False,Percentage Off 2026/01/26 20-6-1-198
114-9492703-7837051,2026-05-15 10:34:43,2026-05-01,May-2026,B0G1PTSQTS,Gut Balance,Real client,39.99,39.99,1,False,
114-9244981-0756204,2026-05-16 13:24:01,2026-05-01,May-2026,B0G1PTSQTS,Gut Balance,Real client,39.99,39.99,1,False,
111-2999305-0522646,2026-05-16 16:37:47,2026-05-01,May-2026,B0G1NL6TQC,Mood Balance,Real client,39.99,39.99,1,False,
114-5113643-3290665,2026-05-17 01:13:17,2026-05-01,May-2026,B0G1PTSQTS,Gut Balance,Subscribe & Save,39.99,33.99,1,False,Subscribe and Save Promotion V2
114-7143911-1798617,2026-05-18 00:04:35,2026-05-01,May-2026,B0G1PTSQTS,Gut Balance,Real client,39.99,39.99,1,False,
112-8927422-2919433,2026-05-18 09:47:27,2026-05-01,May-2026,B0G1PTSQTS,Gut Balance,Real client,39.99,39.99,1,False,
112-8278625-3115420,2026-05-18 10:52:36,2026-05-01,May-2026,B0G1PTSQTS,Gut Balance,Other discount,39.99,33.99,1,False,Top_off_3P-1-3H7yM62oOD
113-0387902-3047431,2026-05-18 18:22:01,2026-05-01,May-2026,B0G1PTSQTS,Gut Balance,Real client,39.99,39.99,1,False,
113-8439509-1539417,2026-05-18 18:47:07,2026-05-01,May-2026,B0G1PTSQTS,Gut Balance,Real client,39.99,39.99,1,False,
113-8840589-9817064,2026-05-19 14:06:25,2026-05-01,May-2026,B0G1PTSQTS,Gut Balance,Real client,39.99,39.99,1,False,
113-0479886-9186652,2026-05-19 16:27:32,2026-05-01,May-2026,B0G1NL6TQC,Mood Balance,Subscribe & Save,39.99,33.99,1,False,FBA Subscribe & Save Discount
112-6990344-4059431,2026-05-19 16:27:32,2026-05-01,May-2026,B0G1PTSQTS,Gut Balance,Subscribe & Save,39.99,33.99,1,False,FBA Subscribe & Save Discount
112-1337065-9282611,2026-05-19 21:16:32,2026-05-01,May-2026,B0G1PTSQTS,Gut Balance,Real client,39.99,39.99,1,False,
114-9090058-7266600,2026-05-20 20:20:17,2026-05-01,May-2026,B0G1NL6TQC,Mood Balance,Real client,39.99,39.99,1,False,
111-7234489-3641050,2026-05-21 01:56:51,2026-05-01,May-2026,B0G1PTSQTS,Gut Balance,Real client,39.99,39.99,1,False,
111-0528246-3808261,2026-05-21 04:11:16,2026-05-01,May-2026,B0G1PTSQTS,Gut Balance,Real client,39.99,39.99,1,False,
111-0790573-9025060,2026-05-21 04:24:28,2026-05-01,May-2026,B0G1PTSQTS,Gut Balance,Real client,39.99,39.99,1,False,
111-6706282-9824221,2026-05-21 17:50:48,2026-05-01,May-2026,B0G1NL6TQC,Mood Balance,Real client,39.99,39.99,1,False,
112-2836529-4803441,2026-05-22 04:28:16,2026-05-01,May-2026,B0G1PTSQTS,Gut Balance,Real client,39.99,39.99,1,False,
114-1538373-9309835,2026-05-22 21:24:53,2026-05-01,May-2026,B0G1PTSQTS,Gut Balance,Real client,39.99,39.99,1,False,
112-3832657-0736206,2026-05-22 23:39:41,2026-05-01,May-2026,B0G1PTSQTS,Gut Balance,Subscribe & Save,39.99,33.99,1,False,Subscribe and Save Promotion V2
114-2808920-4566602,2026-05-23 03:24:22,2026-05-01,May-2026,B0G1PTSQTS,Gut Balance,Real client,39.99,39.99,1,False,
112-6556740-2741007,2026-05-23 15:58:43,2026-05-01,May-2026,B0G1PTSQTS,Gut Balance,Other discount,79.98,63.980000000000004,2,False,Percentage Off 2026/01/26 20-6-1-198
112-0403071-2469065,2026-05-23 19:14:13,2026-05-01,May-2026,B0G1PTSQTS,Gut Balance,Real client,39.99,39.99,1,False,
114-1006690-1505020,2026-05-23 23:08:50,2026-05-01,May-2026,B0G1PTSQTS,Gut Balance,Real client,39.99,39.99,1,False,
113-2749396-2729028,2026-05-24 03:50:21,2026-05-01,May-2026,B0G1PTSQTS,Gut Balance,Real client,39.99,39.99,1,False,
113-6757426-1105815,2026-05-24 13:27:29,2026-05-01,May-2026,B0G1PTSQTS,Gut Balance,Real client,39.99,39.99,1,False,
113-1509318-3632213,2026-05-25 01:30:57,2026-05-01,May-2026,B0G1PTSQTS,Gut Balance,Subscribe & Save,39.99,33.99,1,False,Subscribe and Save Promotion V2
114-4404092-1389008,2026-05-25 02:16:54,2026-05-01,May-2026,B0G1PTSQTS,Gut Balance,Other discount,39.99,33.99,1,False,Top_off_3P-1-3H7yM62oOD
111-7926044-6657027,2026-05-25 19:57:06,2026-05-01,May-2026,B0G1PTSQTS,Gut Balance,Real client,39.99,39.99,1,False,
113-8106789-5227404,2026-05-26 17:59:27,2026-05-01,May-2026,B0G1NL6TQC,Mood Balance,Real client,37.99,37.99,1,False,
114-7825574-8937855,2026-05-27 01:41:19,2026-05-01,May-2026,B0G1PTSQTS,Gut Balance,Real client,39.99,39.99,1,False,
114-4070516-3401845,2026-05-27 03:41:20,2026-05-01,May-2026,B0G1PTSQTS,Gut Balance,Subscribe & Save,39.99,33.99,1,False,FBA Subscribe & Save Discount
114-5854802-4801857,2026-05-27 14:21:11,2026-05-01,May-2026,B0G1PTSQTS,Gut Balance,Real client,39.99,39.99,1,False,
112-5855802-7568250,2026-05-28 14:04:32,2026-05-01,May-2026,B0G1PTSQTS,Gut Balance,Real client,39.99,39.99,1,False,
111-9155948-9837850,2026-05-28 17:03:09,2026-05-01,May-2026,B0G1PTSQTS,Gut Balance,Subscribe & Save,39.99,33.99,1,False,Subscribe and Save Promotion V2
114-4444113-0953002,2026-05-28 20:32:51,2026-05-01,May-2026,B0G1PTSQTS,Gut Balance,Real client,39.99,39.99,1,False,
114-5415137-9089803,2026-05-28 21:15:32,2026-05-01,May-2026,B0G1PTSQTS,Gut Balance,Real client,39.99,39.99,1,False,
112-8482327-8533840,2026-05-29 18:43:49,2026-05-01,May-2026,B0G1NL6TQC,Mood Balance,Real client,39.99,39.99,1,False,
113-2335124-5214617,2026-05-30 02:09:40,2026-05-01,May-2026,B0G1PTSQTS,Gut Balance,Real client,39.99,39.99,1,False,
113-1540598-9367440,2026-05-30 11:32:44,2026-05-01,May-2026,B0G1PTSQTS,Gut Balance,Real client,39.99,39.99,1,False,
112-5436405-2709014,2026-05-31 19:22:26,2026-05-01,May-2026,B0G1PTSQTS,Gut Balance,Real client,39.99,39.99,1,False,
114-7561236-9629849,2026-05-31 22:07:54,2026-05-01,May-2026,B0G1PTSQTS,Gut Balance,Real client,39.99,39.99,1,False,
